{"cameraMode":{"drawMode":0,"name":"Shaded","section":"Shading Mode"},"sceneLighting":true,"audioPlay":false,"sceneViewState":{"m_AlwaysRefresh":false,"showFog":true,"showSkybox":true,"showFlares":true,"showImageEffects":true,"showParticleSystems":true,"showVisualEffectGraphs":true,"m_FxEnabled":true},"in2DMode":false,"pivot":{"x":-0.23480749130249024,"y":0.45412349700927737,"z":-0.06403875350952149},"rotation":{"x":-0.07979252934455872,"y":0.9018915295600891,"z":-0.18941375613212586,"w":-0.37993136048316958},"size":5.4959635734558109,"orthographic":false}