{"cameraMode":{"drawMode":0,"name":"Shaded","section":"Shading Mode"},"sceneLighting":false,"audioPlay":false,"sceneViewState":{"m_AlwaysRefresh":false,"showFog":true,"showSkybox":false,"showFlares":true,"showImageEffects":true,"showParticleSystems":true,"showVisualEffectGraphs":true,"m_FxEnabled":true},"in2DMode":false,"pivot":{"x":0.09646803140640259,"y":0.7176686525344849,"z":-0.07237717509269715},"rotation":{"x":-0.02024265192449093,"y":0.9794855713844299,"z":-0.12945954501628877,"w":-0.1531473994255066},"size":2.365739345550537,"orthographic":false}